CRIM,ZN,INDUS,CHAS,NOX,RM,AGE,DIS,RAD,TAX,PTRATIO,B,LSTAT,MEDV
0.05439794295956414,0.25,0.10268025670064176,0,0.5390946502057613,0.6065946560545765,0.8414006179196704,0.10472094940870708,5,0.1453154875717017,0.042553191489361764,0.8373684877677778,0.39527845036319603,30.7
0.003930237070560005,0.0,0.4031710079275198,0,0.3868312757201645,0.4869243888573054,0.6817713697219361,0.1408039078564197,1,0.16252390057361382,0.8936170212765959,0.9377614399797194,0.24031476997578685,22.4
0.009402277317974397,0.0,0.4782936957342393,0,0.10699588477366251,0.25866969869243905,0.5674562306900103,0.5417558215996744,4,0.1931166347992352,0.36170212765957444,1.0,0.4270581113801452,20.3
1.0000000000000002,0.0,0.6360890902227256,0,0.648148148148148,0.0,1.0,0.048002755539783115,24,0.9139579349904399,0.8085106382978724,0.6960324502471797,0.8743946731234865,10.2
0.01937548944747749,0.0,0.2314080785201963,0,0.2222222222222222,0.23536100056850495,0.7353244078269825,0.3748682246599935,5,0.18929254302103254,0.7446808510638299,0.9268601850678166,0.3029661016949152,18.5
0.003299975292063169,0.2625,0.16572291430728575,0,0.11111111111111105,0.4636156907333713,0.18743563336766222,0.5933908795808239,4,0.10516252390057362,0.44680851063829796,1.0,0.10744552058111378,25.0
0.008338579698451499,0.5625,0.08267270668176671,0,0.10699588477366251,0.4764070494599204,0.2698249227600412,0.3587524919891031,5,0.4015296367112811,0.2765957446808509,0.8217771580681958,0.08565375302663436,29.8
0.014242659858257409,0.25,0.07852019630049076,0,0.1191358024691358,0.5491756679931781,0.3017507723995881,0.31011303975701143,5,0.0535372848948375,0.24468085106382986,1.0,0.09443099273607744,35.1
0.002260706423644798,0.65625,0.15364288410721028,0,0.04115226337448563,0.377771461057419,0.29248197734294545,0.6458400743160729,6,0.20076481835564058,0.4255319148936172,1.0,0.16374092009685226,23.2
0.002673203335152694,0.3125,0.13627784069460175,0,0.08436213991769548,0.4943149516770893,0.6951596292481977,0.44580249877357603,4,0.1778202676864245,0.6808510638297873,0.9839016351882375,0.16616222760290553,23.9
0.0,0.225,0.0400151000377501,0,0.31481481481481477,0.48180784536668564,0.6416065911431514,0.3089962111327982,1,0.20650095602294455,0.2872340425531916,1.0,0.09836561743341404,24.0
0.0029223765964188847,1.0,0.0902227255568139,0,0.014403292181069949,0.34906196702671966,0.2996910401647786,0.8444790046656299,1,0.24282982791587,0.404255319148936,0.9491697300038027,0.14648910411622273,21.9
0.003468882656843052,0.0,0.04567761419403548,0,0.2119341563786007,0.8388288800454806,0.5221421215242018,0.21601761875437078,3,0.009560229445506718,0.5531914893617023,0.945874001774623,0.08232445520581111,50.0
0.18350598643994925,0.0,0.3265383163457909,0,0.3271604938271605,0.026435474701534956,0.35942327497425336,0.14506246933940112,4,0.22179732313575523,0.6170212765957446,0.4112054759792114,0.3302058111380145,16.1
0.0014873619601071513,0.9375,0.06417516043790111,0,0.08847736625514402,0.48749289368959636,0.1946446961894954,0.44584424937635037,3,0.12237093690248568,0.6063829787234043,0.9839016351882375,0.07838983050847456,30.8
0.03586280255008244,0.25,0.10268025670064176,0,0.5390946502057613,1.0000000000000002,0.9124613800205973,0.12096193388792051,5,0.1453154875717017,0.042553191489361764,0.8727341868424396,0.12651331719128325,48.8
0.004795712823977587,0.41250000000000003,0.03510758776896943,0,0.17901234567901225,0.7220011370096648,0.7106076210092689,0.2055799680607889,7,0.06500956022944554,0.6170212765957446,1.0,0.14346246973365614,33.4
0.5752461371164861,0.0,0.6360890902227256,0,0.6748971193415637,0.7143263217737352,0.9927909371781669,0.138100556326782,24,0.9139579349904399,0.8085106382978724,0.7334262897705672,0.4542978208232444,17.8
0.007557557627423856,0.25,0.2155530388825972,0,0.1625514403292181,0.4712905059693009,0.5746652935118435,0.2909912636863695,3,0.06692160611854686,0.6382978723404256,0.9754087970591963,0.18159806295399514,24.4
0.020371484528224983,0.0,0.1868629671574179,0,0.24485596707818924,0.7976122797043776,0.14521112255406798,0.23437744632438137,8,0.2275334608030593,0.5106382978723403,0.754214729370009,0.06628329297820823,46.7
0.03082140628642501,0.0,0.1868629671574179,1,0.2510288065843621,0.5247299602046618,0.654994850669413,0.26326886344421596,8,0.2275334608030593,0.5106382978723403,0.5347952845734572,0.1912832929782082,29.0
0.00510770287379828,0.75,0.016610041525103807,0,0.053497942386831254,0.48294485503126783,0.33985581874356335,1.0000000000000002,4,0.4263862332695985,0.6063829787234043,0.668906071745468,0.1138014527845036,24.1
0.0072553390780449745,0.3125,0.14647036617591544,0,0.13991769547325106,0.4479818078453668,0.6683831101956745,0.6362687486300583,8,0.18355640535372847,0.7553191489361701,1.0,0.15133171912832927,22.2
0.0009206149344820896,0.21875,0.004907512268780667,0,0.0639917695473251,0.6321773735076748,0.5829042224510813,0.844750383583663,3,0.0535372848948375,0.6382978723404256,0.9536062872353916,0.1912832929782082,33.0
0.39505129339767636,0.0,0.6360890902227256,0,0.7304526748971193,0.3806139852188746,1.0,0.09135031887022868,24,0.9139579349904399,0.8085106382978724,0.9846621878565092,0.4497578692493946,18.4
0.0024924305769791827,0.35000000000000003,0.5205738014345036,0,0.1625514403292181,0.44400227401932923,0.5221421215242018,0.26473013454131744,4,0.15678776290630975,0.5957446808510638,0.9760425909494232,0.19461259079903143,22.9
0.3030889108825201,0.0,0.6360890902227256,0,0.40123456790123446,0.36583285957930634,0.835221421215242,0.198711993904412,24,0.9139579349904399,0.8085106382978724,1.0,0.4406779661016948,19.9
0.006049256737798537,0.0,0.9211023027557568,0,0.4032921810699587,0.3072768618533259,0.9268795056642637,0.09991963008965943,2,0.0,0.6914893617021276,0.7615667384966409,0.4903147699757869,20.5
0.05192435741915131,0.0,0.26009815024537564,0,0.31481481481481477,0.29675952245594095,0.9392378990731204,0.34131117768012786,4,0.2275334608030593,0.8936170212765959,0.9674229940423373,0.44098062953995154,15.6
0.003345342972685865,0.0,0.10570026425066062,0,0.257201646090535,0.407902217168846,0.7260556127703399,0.22836535952487816,5,0.20650095602294455,0.4255319148936172,0.9835213588541016,0.1380145278450363,24.6
0.013278771136104438,0.275,0.17402793506983769,0,0.09465020576131689,0.38260375213189324,0.7857878475798147,0.722901249386788,7,0.27151051625239003,0.6914893617021276,0.7368487767777916,0.25484261501210653,20.5
0.07819015060674038,0.0,0.6919592298980747,1,0.9999999999999999,0.03752131893121091,0.8764160659114315,0.05016334923335458,5,0.4110898661567877,0.22340425531914887,0.32031943212067393,0.3144673123486682,15.3
0.17052733996027192,0.0,0.6919592298980747,0,0.4526748971193414,0.4326321773735078,0.9505664263645727,0.11824814470758924,5,0.4110898661567877,0.22340425531914887,0.152490809988592,0.29025423728813554,22.3
0.005751923938640561,0.2625,0.16572291430728575,0,0.11111111111111105,0.3078453666856169,0.44078269824922767,0.5933908795808239,4,0.10516252390057362,0.44680851063829796,0.9830143237419193,0.3547215496368038,19.7
0.3968227268349133,0.0,0.6360890902227256,0,0.40740740740740733,0.35076748152359305,0.791967044284243,0.2522049537090192,24,0.9139579349904399,0.8085106382978724,0.94650779566485,0.4010290556900726,19.1
0.002615272296819098,1.0,0.08003020007550019,0,0.026748971193415683,0.25781694144400236,0.29042224510813597,0.5721815733714656,4,0.2848948374760994,0.37234042553191493,1.0,0.25756658595641646,19.4
0.0038597426745155083,0.0,0.11853529633824084,0,0.11728395061728392,0.28936895963615683,0.5087538619979403,0.7185278737461772,3,0.31357552581261955,0.6595744680851063,0.5906959056914696,0.33111380145278446,17.2
0.28554278591061316,0.0,0.6919592298980747,0,0.9999999999999999,0.16714042069357604,1.0,0.02945505025728809,5,0.4110898661567877,0.22340425531914887,1.0,0.7472760290556899,15.6
0.0025608310800718627,1.0,0.024915062287655713,0,0.057613168724279795,0.22256964184195582,0.1956745623069001,0.986994687235797,4,0.27915869980879543,1.0,0.8212701229560153,0.1912832929782082,18.2
0.45594100247218966,0.0,0.6360890902227256,1,0.5061728395061728,0.6071631608868677,0.9742533470648815,0.0075986097049276224,24,0.9139579349904399,0.8085106382978724,0.9385219926479911,0.037227602905569,50.0
0.002035263949165863,1.0,0.0902227255568139,0,0.014403292181069949,0.28311540648095535,0.16683831101956748,0.8444790046656299,1,0.24282982791587,0.404255319148936,0.9781974901761954,0.22760290556900722,20.9
0.01450160461996541,0.275,0.17402793506983769,0,0.09465020576131689,0.44286526435474705,0.06179196704428426,0.6541380066174706,7,0.27151051625239003,0.6914893617021276,0.7486373431360125,0.05629539951573848,24.8
0.22036687796373103,0.0,0.6360890902227256,0,0.5555555555555557,0.24985787379192748,0.4665293511843461,0.2021668562839876,24,0.9139579349904399,0.8085106382978724,0.2077576372163774,0.37530266343825663,19.9
0.024150263341936908,0.0,0.7791619479048698,0,0.4917695473251028,0.4474133030130756,0.9835221421215243,0.07517196029517678,4,0.4760994263862333,0.9148936170212765,0.9642540245912032,0.3892251815980629,17.1
0.05472668415299936,0.0,0.3265383163457909,0,0.3271604938271605,0.3530415008527572,0.5139031925849639,0.15768158902794158,4,0.22179732313575523,0.6170212765957446,1.0,0.12863196125907989,22.1
0.010681645911534421,0.0,0.21366553416383544,0,0.12962962962962965,0.3783399658897102,0.03707518022657055,0.4792238562944253,3,0.08604206500956024,0.5638297872340423,0.9690708581569272,0.17282082324455203,24.7
0.03187184258391974,0.0,0.1868629671574179,0,0.24485596707818924,0.7197271176805005,0.7621009268795057,0.26531464298015806,8,0.2275334608030593,0.5106382978723403,0.7368487767777916,0.1065375302663438,31.7
0.013942535201830345,0.275,0.17402793506983769,0,0.09465020576131689,0.20267197271176807,0.7579814624098867,0.7124009727890447,7,0.27151051625239003,0.6914893617021276,0.6905818227912288,0.32596852300242124,17.6
0.002828151413587132,0.0,0.08154020385050964,0,0.21399176954732513,0.43689596361569083,0.6508753861997939,0.20485977016293175,2,0.15678776290630975,0.5531914893617023,0.9401698567625809,0.21428571428571427,22.6
0.0458695169668146,0.25,0.10268025670064176,0,0.5390946502057613,0.6972711768050031,1.0,0.07984802780590147,5,0.1453154875717017,0.042553191489361764,0.8274813030802388,0.18341404358353505,36.0
0.0027185710157753896,0.0,0.4031710079275198,0,0.3868312757201645,0.3524729960204662,0.7600411946446962,0.12085755738098472,1,0.16252390057361382,0.8936170212765959,1.0,0.222457627118644,20.6
0.01764663183359414,0.0,0.7791619479048698,0,0.4917695473251028,0.2310972143263217,0.9588053553038105,0.06875280511862392,4,0.4760994263862333,0.9148936170212765,0.9392825453162637,0.4679176755447942,16.2
0.021772996877307646,0.0,0.3265383163457909,0,0.3271604938271605,0.2939169982944856,0.8269824922760042,0.2994561983988644,4,0.22179732313575523,0.6170212765957446,0.9214095576118648,0.5024213075060531,17.8
1.0000000000000002,0.0,0.6360890902227256,0,0.47119341563786,0.38345650938032994,0.8764160659114315,0.08575573809846881,24,0.9139579349904399,0.8085106382978724,0.8278615794143747,0.3444309927360774,21.4
0.25596794389483635,0.0,0.6360890902227256,0,0.40740740740740733,0.40704945992040953,0.5046343975283213,0.29873600050100724,24,0.9139579349904399,0.8085106382978724,0.8950437317784257,0.26785714285714285,21.2
0.5618242832953408,0.0,0.6360890902227256,0,0.40946502057613154,0.15548607163160888,0.9526261585993822,0.13571033431795174,24,0.9139579349904399,0.8085106382978724,0.4382050957028776,0.4966707021791767,13.8
0.01287115997481745,0.275,0.17402793506983769,0,0.09465020576131689,0.5224559408754974,0.15036045314109167,0.6989990292984856,7,0.27151051625239003,0.6914893617021276,0.9599442261376607,0.14618644067796605,26.2
0.004157075473673484,0.0,0.04567761419403548,0,0.2119341563786007,0.820068220579875,0.8280123583934088,0.1681923032763786,3,0.009560229445506718,0.5531914893617023,0.9830143237419193,0.17645278450363192,39.8
0.009351325922813524,0.275,0.17402793506983769,0,0.09465020576131689,0.45679363274587836,0.10401647785787849,0.6541380066174706,7,0.27151051625239003,0.6914893617021276,0.9921409557611867,0.12621065375302662,24.4
0.008453743810801417,0.0,0.21366553416383544,0,0.12962962962962965,0.5372370665150654,0.0,0.4792238562944253,3,0.08604206500956024,0.5638297872340423,0.8543541640258594,0.0941283292978208,26.6
0.19357481968091864,0.0,0.6919592298980747,0,0.9999999999999999,0.006537805571347199,0.9773429454170957,0.02257663845021765,5,0.4110898661567877,0.22340425531914887,1.0,0.8341404358353508,11.8
0.0065971587268572485,0.0,0.3306908267270668,0,0.33333333333333337,0.5216031836270609,0.8105046343975283,0.16156439508595408,6,0.4665391969407266,0.5531914893617023,0.9833946000760552,0.25514527845036317,22.8
0.7137857724161711,0.0,0.6360890902227256,0,0.47119341563786,0.3709494030699261,0.9660144181256437,0.10864550606949391,24,0.9139579349904399,0.8085106382978724,0.7819749017619468,0.49334140435835344,14.6
0.46404855598162403,0.0,0.6360890902227256,0,0.6748971193415637,0.4084707220011372,0.8249227600411946,0.16750341833060214,24,0.9139579349904399,0.8085106382978724,1.0,0.37106537530266337,19.5
0.40940702347533187,0.0,0.6360890902227256,0,0.6337448559670781,0.4334849346219445,0.9588053553038105,0.05711482459528011,24,0.9139579349904399,0.8085106382978724,1.0,0.5338983050847457,12.5
0.004374142376345151,0.0,0.9211023027557568,0,0.4032921810699587,0.28140989198408195,0.6879505664263645,0.11774713747429727,2,0.0,0.6914893617021276,0.9017619470148306,0.3825665859564164,22.0
0.5574054712026902,0.0,0.6360890902227256,0,0.648148148148148,0.18192154633314384,1.0,0.042115920548602914,24,0.9139579349904399,0.8085106382978724,1.0,0.6909806295399513,12.3
0.03703957038900344,0.0,0.1868629671574179,0,0.24485596707818924,0.3129619101762364,0.6714727085478887,0.26531464298015806,8,0.2275334608030593,0.5106382978723403,0.7648624667258215,0.3002421307506053,24.3
0.08496040448428115,0.0,0.6919592298980747,0,0.4526748971193414,0.5864127345082433,0.9732234809474769,0.07804231423591179,5,0.4110898661567877,0.22340425531914887,0.5757383698821146,0.08656174334140432,41.3
0.005327561633739037,0.0,0.4782936957342393,0,0.10699588477366251,0.3544627629334849,0.1596292481977343,0.45644890248102954,4,0.1931166347992352,0.36170212765957444,1.0,0.20732445520581108,23.9
0.004459991987369638,0.0,0.10570026425066062,0,0.257201646090535,0.3240477544059124,0.4562306900102987,0.25314434227144156,5,0.20650095602294455,0.4255319148936172,0.9534795284573461,0.25363196125907983,23.2
0.08282184181615898,0.0,0.7791619479048698,0,0.4917695473251028,0.41102899374644686,0.976313079299691,0.11913534501654369,4,0.4760994263862333,0.9148936170212765,1.0,0.31870460048426147,19.6
0.001333809810307258,0.6875,0.09550773876934693,0,0.2037037037037036,0.5162023877202957,0.5509783728115345,0.48039287317210644,5,0.34799235181644356,0.5319148936170215,1.0,0.16495157384987888,23.9
0.03274499594482732,0.0,0.3265383163457909,0,0.3271604938271605,0.35048322910744756,0.5756951596292481,0.2998006408717526,4,0.22179732313575523,0.6170212765957446,0.9915071618709606,0.33292978208232443,21.0
0.014328509469281894,0.0,0.27595318988297474,0,0.2777777777777778,0.35730528709494025,0.8702368692070032,0.16544720114396652,5,0.3747609942638623,0.8829787234042552,0.9691976169349736,0.35441888619854717,19.3
0.0061979231373775244,0.0,0.43714609286523215,0,0.10699588477366251,0.3996588971006254,0.43357363542739447,0.3520619578945171,5,0.4015296367112811,0.6489361702127658,0.8267207504119662,0.2182203389830508,21.4
0.009647960757654228,0.15625,0.24990562476406192,0,0.28600823045267487,0.367254121660034,0.9598352214212151,0.5031887022868893,5,0.2351816443594646,0.2765957446808509,1.0,0.5272397094430991,27.1
0.011508035663184757,0.0,0.27595318988297474,0,0.2777777777777778,0.2717453098351337,0.9165808444902164,0.11287275460039453,5,0.3747609942638623,0.8829787234042552,0.9844086703004189,0.5124092009685228,19.5
0.04645580699332328,0.0,0.26009815024537564,0,0.31481481481481477,0.26520750426378625,0.9001029866117405,0.37078710323880304,4,0.2275334608030593,0.8936170212765959,0.7462289263531501,0.3958837772397094,16.6
0.011355879442019408,0.0,0.9211023027557568,0,0.4032921810699587,0.3143831722569641,0.8805355303810505,0.09010823843769245,2,0.0,0.6914893617021276,0.849410571682089,0.3958837772397094,21.4
0.002558039222802774,0.65625,0.15364288410721028,0,0.04115226337448563,0.4789653212052305,0.2059732234809475,0.6458400743160729,6,0.20076481835564058,0.4255319148936172,0.6808213968817345,0.23547215496368032,24.8
0.3995734042092833,0.0,0.6360890902227256,0,0.30246913580246926,0.6199545196134169,0.7631307929969104,0.23808281232060288,24,0.9139579349904399,0.8085106382978724,0.9794650779566485,0.15980629539951569,25.0
0.0016423100385415902,0.0,0.03510758776896943,0,0.15020576131687247,0.44059124502558267,0.5746652935118435,0.5148475581116202,3,0.06500956022944554,0.6489361702127658,0.9647610597033847,0.10532687651331715,28.7
0.03756443955559217,0.0,0.7791619479048698,0,0.4917695473251028,0.3612848209209778,0.9783728115345005,0.05626937488909997,4,0.4760994263862333,0.9148936170212765,1.0,0.5063559322033897,17.8
0.002027586341675868,0.42500000000000004,0.18271045677614195,0,0.09876543209876543,0.4860716316088687,0.3861997940267765,0.4553007609047355,7,0.2695984703632887,0.37234042553191493,0.9854227405247817,0.23516949152542369,22.0
0.3165686957419989,0.0,0.6360890902227256,0,0.7921810699588477,0.4314951677089256,0.8764160659114315,0.14493721753107816,24,0.9139579349904399,0.8085106382978724,0.7168208898466224,0.18341404358353505,25.0
0.0020031575905713403,1.0,0.139675349188373,0,0.053497942386831254,0.5631040363843092,0.25746652935118436,0.4161595708038035,4,0.10898661567877632,0.7021276595744679,1.0,0.048426150121065374,28.5
0.02659453438102431,0.0,0.9211023027557568,0,0.4032921810699587,0.208357021034679,0.9546858908341915,0.06550669575291995,2,0.0,0.6914893617021276,0.5232602357713274,0.7726997578692493,15.7
0.00407192382696627,0.875,0.03737259343148359,0,0.030864197530864224,0.4164297896532121,0.17713697219361485,0.699134718757502,5,0.3250478011472276,0.23404255319148937,0.6367093421219421,0.09806295399515735,22.5
0.017256469780238957,0.0,0.3265383163457909,0,0.3271604938271605,0.23450824332006825,0.7703398558187435,0.2938616176271045,4,0.22179732313575523,0.6170212765957446,0.9939155786538221,0.2957021791767554,16.2
0.0018181970464941953,0.0,0.03510758776896943,0,0.15020576131687247,0.602046617396248,0.44181256436663235,0.5148475581116202,3,0.06500956022944554,0.6489361702127658,0.9712257573836993,0.03662227602905569,33.4
0.019071874969464064,0.0,0.3186107965269913,0,0.41152263374485576,0.29732802728823216,0.4088568486096808,0.13068982433433884,6,0.38814531548757175,0.7021276595744679,1.0,0.358958837772397,24.5
0.2313563261391825,0.0,0.6919592298980747,1,0.9999999999999999,0.14866401364411597,1.0,0.020040289331677258,5,0.4110898661567877,0.22340425531914887,1.0,0.7593825665859563,13.4
0.0031066391761787574,0.0,0.1487353718384296,0,0.2674897119341565,0.4081864695849915,0.3625128733264676,0.5562015301595917,5,0.06883365200764818,0.8085106382978724,0.9088604385853722,0.11955205811138012,22.2
0.014302684789542821,0.15625,0.24990562476406192,0,0.28600823045267487,0.21347356452529853,1.0,0.516924650599643,5,0.2351816443594646,0.2765957446808509,0.8698187349473949,0.853510895883777,16.5
0.10169619288383501,0.0,0.6919592298980747,0,0.4526748971193414,0.7416145537237069,0.9052523171987641,0.08781195528510444,5,0.4110898661567877,0.22340425531914887,0.7151730257320326,0.0,50.0
0.0013024014160300068,0.0,0.024160060400151,0,0.27366255144032914,0.47185901080159187,0.5849639546858908,0.5362134290813824,1,0.44741873804971316,0.35106382978723394,0.9120294080365063,0.20944309927360769,16.5
0.0003238554432143211,0.6875,0.03775009437523593,0,0.008230452674897082,0.4471290505969303,0.29866117404737386,0.6448067468974082,1,0.21414913957934995,0.2872340425531916,0.9723665863861077,0.19673123486682806,22.0
0.003383033045818566,0.41250000000000003,0.03510758776896943,0,0.17901234567901225,0.4934621944286526,0.568486096807415,0.23384512613900868,7,0.06500956022944554,0.6170212765957446,0.9551273925719359,0.2179176755447941,28.4
0.0025859577954936634,0.2625,0.16572291430728575,0,0.11111111111111105,0.35105173393973854,0.6189495365602471,0.5933908795808239,4,0.10516252390057362,0.44680851063829796,0.9628596780327046,0.23305084745762708,20.5
0.0024296137884246807,0.3125,0.13627784069460175,0,0.08436213991769548,0.5250142126208075,0.31513903192584963,0.44580249877357603,4,0.1778202676864245,0.6808510638297873,1.0,0.10774818401937045,28.0
0.004346921767971534,0.0,0.06191015477538694,0,0.12345679012345678,0.7208641273450824,0.6138002059732235,0.24691306480737316,2,0.1682600382409178,0.574468085106383,1.0,0.1349878934624697,33.2
0.6951878152181349,0.0,0.6360890902227256,0,0.7304526748971193,0.4562251279135874,1.0,0.08859477908712307,24,0.9139579349904399,0.8085106382978724,0.8710863227278498,0.5181598062953994,15.4
0.9121542110281156,0.0,0.6360890902227256,0,0.40123456790123446,0.23678226264923263,0.5540679711637487,0.17682424039997077,24,0.9139579349904399,0.8085106382978724,1.0,0.3943704600484261,20.1
0.006939161242320648,0.0,1.0,0,0.4609053497942387,0.31353041500852763,0.9876416065911431,0.07708205037210228,4,1.0,0.7978723404255321,0.9139307897071873,0.4945520581113801,13.6
0.005296851203779059,0.275,0.17402793506983769,0,0.09465020576131689,0.5903922683342808,0.04016477857878477,0.8117465320905571,7,0.27151051625239003,0.6914893617021276,0.8629737609329444,0.05447941888619854,29.6
0.012357458237305078,0.0,1.0,0,0.4609053497942387,0.15179079022171682,0.9824922760041195,0.06531881804043549,4,1.0,0.7978723404255321,0.33007985803016915,0.6731234866828085,7.0
0.004378330162248785,0.0,0.03510758776896943,0,0.15020576131687247,0.6444002274019331,0.5283213182286303,0.5148475581116202,3,0.06500956022944554,0.6489361702127658,1.0,0.10895883777239707,36.2
0.00203735784211768,0.3125,0.13627784069460175,0,0.08436213991769548,0.36583285957930634,0.45108135942327504,0.44580249877357603,4,0.1778202676864245,0.6808510638297873,0.9206490049435923,0.1749394673123486,22.9
0.09411350854098935,0.0,0.26009815024537564,0,0.31481481481481477,0.3388288800454804,1.0,0.3178682142223428,4,0.2275334608030593,0.8936170212765959,0.74432754468247,0.3423123486682808,14.5
0.04308114951931198,0.0,0.1868629671574179,1,0.2510288065843621,0.5682205798749289,0.7703398558187435,0.22362666610999196,8,0.2275334608030593,0.5106382978723403,0.9174800354924582,0.24818401937046,27.5
0.011543631843365642,0.3125,0.14647036617591544,0,0.13991769547325106,0.3086981239340536,0.9320288362512874,0.5937875103071801,8,0.18355640535372847,0.7553191489361701,0.7614399797185953,0.384685230024213,16.0
0.06854777356362433,0.0,0.26009815024537564,0,0.31481481481481477,0.26520750426378625,1.0,0.30953896896886457,4,0.2275334608030593,0.8936170212765959,0.9700849283812909,0.5493341404358352,14.5
0.0020562028786840305,0.25,0.07852019630049076,0,0.1191358024691358,0.8357021034678798,0.6343975283213182,0.372112684876888,5,0.0535372848948375,0.24468085106382986,0.8784383318544808,0.06144067796610168,45.4
0.0038939429260618484,0.5,0.0,0,0.09053497942386823,0.45764638999431506,0.427394438722966,0.7997849843957122,1,0.28107074569789675,0.7553191489361701,1.0,0.12863196125907989,22.9
0.341437164366409,0.0,0.6360890902227256,0,0.5061728395061728,0.025582717453098258,1.0,0.02117799325727765,24,0.9139579349904399,0.8085106382978724,0.7289897325389783,0.046307506053268756,50.0
0.015561114453584678,0.0,0.21366553416383544,0,0.12962962962962965,0.32689027856736796,0.850669412976313,0.47593599632594696,3,0.08604206500956024,0.5638297872340423,0.9472683483331226,0.5166464891041161,16.6
0.005636061861973368,0.0,0.43714609286523215,0,0.10699588477366251,0.35815804434337695,0.44181256436663235,0.30904839938626616,5,0.4015296367112811,0.6489361702127658,0.8740017746228927,0.2584745762711864,20.8
0.008388135164977828,0.3125,0.14647036617591544,0,0.13991769547325106,0.534963047185901,0.41709577754891863,0.715114761969376,8,0.18355640535372847,0.7553191489361701,0.9832678412980096,0.23516949152542369,25.0
0.4058543851004162,0.0,0.6360890902227256,0,0.6748971193415637,0.46418419556566226,0.8959835221421216,0.17451751959668918,24,0.9139579349904399,0.8085106382978724,0.9609582963620236,0.2590799031476997,20.2
0.2573247865276136,0.0,0.6360890902227256,0,0.6748971193415637,0.4252416145537239,0.8805355303810505,0.15004122872023964,24,0.9139579349904399,0.8085106382978724,0.9306629484091777,0.3910411622276029,17.7
0.05271724488357257,0.25,0.10268025670064176,0,0.5390946502057613,0.19329164297896528,0.6168898043254376,0.08944022879330321,5,0.1453154875717017,0.042553191489361764,0.9429585498795792,0.2639225181598062,22.8
0.00383531392341098,0.5,0.19479048697621745,1,0.12757201646090532,0.5531552018192154,0.2543769309989702,0.38965837569279904,4,0.12619502868068833,0.5319148936170215,0.9562682215743443,0.07354721549636803,33.1
0.011735572030615508,0.0,0.35258588146470365,1,0.21399176954732513,0.3069926094371802,0.9186405767250256,0.2867744528061624,4,0.1701720841300191,0.6382978723404256,0.9537330460134363,0.47033898305084737,21.7
0.003852065067025514,0.0,0.1487353718384296,0,0.2674897119341565,0.3092666287663446,0.572605561277034,0.38437692444184657,5,0.06883365200764818,0.8085106382978724,1.0,0.22881355932203382,18.7
0.003509364587244842,0.0,0.08154020385050964,0,0.21399176954732513,0.6046048891415576,0.858908341915551,0.23924139154759047,2,0.15678776290630975,0.5531914893617023,1.0,0.11410411622276026,23.6
0.0073286253313585605,0.0,1.0,0,0.4609053497942387,0.31353041500852763,0.8300720906282183,0.10232028974918328,4,1.0,0.7978723404255321,1.0,0.35169491525423724,20.1
0.009019094907791935,0.15625,0.18195545488863724,0,0.0493827160493826,0.20295622512791378,0.349124613800206,0.5603348398342501,4,0.3001912045889102,0.6702127659574466,1.0,0.3438256658595641,17.4
0.3979694822081916,0.0,0.6360890902227256,0,0.30246913580246926,0.5315520181921547,0.741503604531411,0.2298475059233668,24,0.9139579349904399,0.8085106382978724,0.9514513880086195,0.18190072639225177,23.7
0.0030354468158169884,0.2625,0.16572291430728575,0,0.11111111111111105,0.3177942012507107,0.19052523171987643,0.5933908795808239,4,0.10516252390057362,0.44680851063829796,1.0,0.20278450363196118,23.4
0.011776751925334571,0.0,0.17780294450736128,0,0.23456790123456794,0.3086981239340536,0.28115345005149334,0.28366403289947506,5,0.17399617590822186,0.7021276595744679,0.9560147040182541,0.2542372881355932,24.7
0.0016869797548470134,0.6875,0.09550773876934693,0,0.2037037037037036,0.5667993177942012,0.25952626158599384,0.5569321657081424,5,0.34799235181644356,0.5319148936170215,0.8868044112054765,0.08716707021791767,31.2
0.009366681137793513,0.0,0.35258588146470365,0,0.21399176954732513,0.4249573621375782,0.3027806385169928,0.29390336822987884,4,0.1701720841300191,0.6382978723404256,0.8594245151476745,0.2315375302663438,28.1
0.0018663565843859801,0.0,0.1487353718384296,0,0.2674897119341565,0.33513359863558856,0.35427394438722964,0.38437692444184657,5,0.06883365200764818,0.8085106382978724,0.9903663328685512,0.20520581113801448,20.6
0.8337030217667153,0.0,0.6360890902227256,0,0.5637860082304528,0.2069357589539511,1.0,0.016240984479213405,24,0.9139579349904399,0.8085106382978724,0.17847635948789442,0.3147699757869249,27.9
0.03396713146437102,0.0,0.3265383163457909,0,0.3271604938271605,0.4988629903354178,0.819773429454171,0.22836535952487816,4,0.22179732313575523,0.6170212765957446,1.0,0.08504842615012104,22.8
0.6029322876897242,0.0,0.6360890902227256,0,0.6337448559670781,0.37322342239909045,0.9237899073120494,0.06905549698873778,24,0.9139579349904399,0.8085106382978724,1.0,0.40677966101694907,13.8
0.3626238712172079,0.0,0.6360890902227256,1,0.7921810699588477,0.3544627629334849,0.8290422245108137,0.1662822131994531,24,0.9139579349904399,0.8085106382978724,0.9813664596273295,0.29509685230024213,22.7
0.16557458516490803,0.0,0.6360890902227256,0,0.40740740740740733,0.28169414440022766,0.4016477857878476,0.2707944095942886,24,0.9139579349904399,0.8085106382978724,0.6682722778552419,0.35139225181598055,20.6
0.01009675181366028,0.0,0.3306908267270668,0,0.33333333333333337,0.3243320068220581,0.8208032955715756,0.16886031292076778,6,0.4665391969407266,0.5531914893617023,0.9697046520471542,0.25938256658595643,19.2
0.535038506691384,0.0,0.6360890902227256,0,0.6337448559670781,0.2464468447981809,0.9886714727085479,0.052584884194265574,24,0.9139579349904399,0.8085106382978724,0.9518316643427562,0.5505447941888619,8.5
0.08558089476233617,0.0,0.26009815024537564,0,0.31481481481481477,0.35872654917566815,0.9145211122554068,0.2971912281983572,4,0.2275334608030593,0.8936170212765959,1.0,0.5142251815980627,15.2
0.004382517948152419,0.5625,0.08267270668176671,0,0.10699588477366251,0.5284252416145538,0.28733264675592174,0.5584351874080182,5,0.4015296367112811,0.2765957446808509,0.9088604385853722,0.08958837772397094,30.5
0.02406720558818151,0.0,0.2314080785201963,0,0.2222222222222222,0.3300170551449688,0.4840370751802266,0.3748682246599935,5,0.18929254302103254,0.7446808510638299,1.0,0.18069007263922515,20.4
0.6782719520247248,0.0,0.6360890902227256,0,0.7304526748971193,0.43376918703808975,0.9711637487126674,0.09764422223845859,24,0.9139579349904399,0.8085106382978724,0.8613258968183546,0.5384382566585955,17.1
0.07848538951294655,0.0,0.26009815024537564,0,0.31481481481481477,0.23678226264923263,0.9392378990731204,0.3239220516246203,4,0.2275334608030593,0.8936170212765959,0.5344150082393213,0.6316585956416464,12.7
0.2969831190350225,0.0,0.6360890902227256,0,0.7921810699588477,0.35019897669130207,0.8074150360453141,0.14398739131796215,24,0.9139579349904399,0.8085106382978724,0.9219165927240462,0.33111380145278446,22.6
0.00653852972420638,0.42500000000000004,0.18271045677614195,0,0.09876543209876543,0.5974985787379195,0.15242018537590113,0.4553007609047355,7,0.2695984703632887,0.37234042553191493,0.9179870706046396,0.09473365617433413,33.1
0.02257914566375709,0.0,0.7791619479048698,0,0.4917695473251028,0.2677657760090961,0.9526261585993822,0.13989583224607807,4,0.4760994263862333,0.9148936170212765,0.8959310432247438,0.40254237288135586,18.4
0.021567795368029608,0.0,0.1868629671574179,0,0.24485596707818924,0.9624786810687891,0.776519052523172,0.1842036594403332,8,0.2275334608030593,0.5106382978723403,0.8497908480162257,0.0729418886198547,44.8
0.006359850858984686,0.0,0.17780294450736128,0,0.23456790123456794,0.27316657191586136,0.6024716786817713,0.23466970054380162,5,0.17399617590822186,0.7021276595744679,0.754848523260236,0.29297820823244547,20.0
0.006740939376215331,0.375,0.13892034730086825,0,0.08847736625514402,0.4201250710631039,0.5149330587023686,0.6164372123122528,6,0.21414913957934995,0.4255319148936172,0.6938775510204085,0.287227602905569,22.2
0.015255406082619435,0.15625,0.24990562476406192,0,0.28600823045267487,0.42552586696986916,0.94129763130793,0.5445426743348607,5,0.2351816443594646,0.2765957446808509,0.9444796552161234,0.5665859564164647,15.0
0.15606761319934284,0.0,0.6919592298980747,0,0.4526748971193414,0.2768618533257534,0.9155509783728115,0.13489619756385238,5,0.4110898661567877,0.22340425531914887,0.9773101787298772,0.29993946731234866,22.7
0.029969889819352877,0.0,0.35258588146470365,1,0.21399176954732513,0.1318931210915295,1.0,0.2865552621415972,4,0.1701720841300191,0.6382978723404256,1.0,0.6464891041162226,20.0
0.03971207575983886,0.0,0.1868629671574179,0,0.2510288065843621,0.9826606026151221,0.7250257466529351,0.2827350819877462,8,0.2275334608030593,0.5106382978723403,0.8606921029281285,0.02239709443099274,41.7
0.005454591139482585,0.0,0.10570026425066062,0,0.257201646090535,0.2782831154064811,0.6776519052523172,0.16411118185518805,5,0.20650095602294455,0.4255319148936172,0.9534795284573461,0.2394067796610169,22.6
0.04351388739602077,0.0,0.26009815024537564,0,0.31481481481481477,0.30386583285957935,0.6065911431513903,0.37344870416566633,4,0.2275334608030593,0.8936170212765959,1.0,0.19763922518159802,20.4
0.005400847887052623,0.5625,0.08267270668176671,0,0.10699588477366251,0.6552018192154632,0.3707518022657055,0.3587524919891031,5,0.4015296367112811,0.2765957446808509,1.0,0.11077481840193701,34.9
0.0020820275584231035,1.0,0.139675349188373,0,0.053497942386831254,0.49744172825469013,0.21112255406797117,0.4161595708038035,4,0.10898661567877632,0.7021276595744679,1.0,0.0898910411622276,27.9
0.06106699201110043,0.0,0.7791619479048698,0,0.4917695473251028,0.2151790790221717,0.945417095777549,0.08875134384752681,4,0.4760994263862333,0.9148936170212765,1.0,0.5027239709443098,14.3
0.003779476778029201,0.0,0.04567761419403548,0,0.2119341563786007,0.3618533257532688,0.6786817713697219,0.2244199275627042,3,0.009560229445506718,0.5531914893617023,0.8759031562935737,0.34564164648910406,29.6
0.0015822851072561767,0.5,0.0,0,0.09053497942386823,0.5852757248436613,0.32543769309989706,0.7997849843957122,1,0.28107074569789675,0.7553191489361701,0.9106350614780077,0.12590799031476993,26.6
0.022078007283955616,0.0,0.7791619479048698,0,0.4917695473251028,0.3018760659465607,0.933058702368692,0.08739444925736117,4,0.4760994263862333,0.9148936170212765,0.7635948789453675,0.45914043583535097,17.4
0.00531290438307632,0.375,0.13892034730086825,0,0.08847736625514402,0.4550881182490052,0.16065911431513905,0.5281764380473243,6,0.21414913957934995,0.4255319148936172,0.7782988971986313,0.1401331719128329,23.7
0.005273120416991801,0.0,0.06191015477538694,0,0.12345679012345678,0.8357021034678798,0.35015447991761073,0.24691306480737316,2,0.1682600382409178,0.574468085106383,0.9572822917987072,0.05569007263922517,43.8
0.0502171366991034,0.0,0.26009815024537564,0,0.31481481481481477,0.24076179647527018,0.685890834191555,0.2783617063471354,4,0.2275334608030593,0.8936170212765959,0.9245785270629989,0.2890435835351089,18.2
0.0009303864349239011,1.0,0.019252548131370333,0,0.0,0.3837407617964754,0.2945417095777549,0.830795244606344,1,0.10133843212237093,0.5957446808510638,0.29902395740905074,0.33898305084745756,20.1
0.0280155897309906,0.0,0.1868629671574179,1,0.2510288065843621,0.36498010233086986,0.9104016477857878,0.20023589090567498,8,0.2275334608030593,0.5106382978723403,0.9789580428444671,0.5971549636803872,21.7
0.004453710308514188,0.0,0.4771611929029823,0,0.33950617283950624,0.5008527572484367,0.8465499485066941,0.23917876564342902,5,0.1682600382409178,0.404255319148936,0.947775383445304,0.24092009685230018,28.7
0.2942666419121989,0.0,0.6360890902227256,1,0.7921810699588477,0.2623649801023309,0.8867147270854789,0.08090223052595324,24,0.9139579349904399,0.8085106382978724,0.44403599949296524,0.3907384987893462,16.8
0.01125676850896675,0.0,0.2314080785201963,0,0.2222222222222222,0.4394542353610007,0.5087538619979403,0.3560073898566911,5,0.18929254302103254,0.7446808510638299,1.0,0.1655569007263922,23.8
0.4060540028951561,0.0,0.6360890902227256,0,0.30246913580246926,0.3871517907902218,0.6364572605561277,0.23950233281493002,24,0.9139579349904399,0.8085106382978724,1.0,0.2726997578692494,23.0
0.008462817346925956,0.375,0.13892034730086825,0,0.08847736625514402,0.4300739056281979,0.05046343975283214,0.6164372123122528,6,0.21414913957934995,0.4255319148936172,0.7187222715173025,0.10472154963680386,23.7
0.3953032585162117,0.0,0.6360890902227256,1,0.5061728395061728,0.5125071063104036,0.9670442842430483,0.023703904725124486,24,0.9139579349904399,0.8085106382978724,0.7265813157561158,0.060532687651331706,50.0
0.6506960798136158,0.0,0.6360890902227256,0,0.6748971193415637,0.3709494030699261,0.9866117404737385,0.118154205851347,24,0.9139579349904399,0.8085106382978724,1.0,0.49636803874092,14.1
0.03683855666562903,0.25,0.10268025670064176,0,0.5390946502057613,0.7504263786242185,0.8908341915550979,0.10544114730656426,5,0.1453154875717017,0.042553191489361764,0.8918747623272916,0.16737288135593215,43.1
0.010873586098784287,0.25,0.2155530388825972,0,0.1625514403292181,0.3865832859579308,0.13800205973223484,0.3443798469840409,3,0.06692160611854686,0.6382978723404256,1.0,0.14709443099273603,25.2
0.16106084992510844,0.0,0.6919592298980747,0,0.4526748971193414,0.2842524161455373,0.972193614830072,0.13142045988288958,5,0.4110898661567877,0.22340425531914887,0.38179743947268374,0.3117433414043583,19.1
0.022694309776107008,0.0,0.1868629671574179,0,0.2510288065843621,0.9570778851620239,0.6951596292481977,0.26326886344421596,8,0.2275334608030593,0.5106382978723403,0.7724679934085437,0.06719128329297822,48.3
0.16488011066922217,0.0,0.6919592298980747,0,0.9999999999999999,0.013075611142694843,0.9557157569515963,0.03456949909714324,5,0.4110898661567877,0.22340425531914887,0.9342121941944477,0.8414043583535107,14.6
0.02761844803446269,0.0,0.3265383163457909,0,0.3271604938271605,0.42694712905059684,0.6622039134912462,0.2508063085160792,4,0.22179732313575523,0.6170212765957446,0.9785777665103312,0.2611985472154963,23.1
0.018290852898436422,0.0,0.3186107965269913,0,0.41152263374485576,0.259806708357021,0.6972193614830071,0.18402621937854227,6,0.38814531548757175,0.7021276595744679,1.0,0.3743946731234866,18.3
0.03795180975167826,0.25,0.10268025670064176,0,0.5390946502057613,0.6611711199545198,0.913491246138002,0.08355339380212301,5,0.1453154875717017,0.042553191489361764,0.8857903409811128,0.19279661016949146,36.5
0.005955031554966784,0.0,0.36089090222725556,0,0.057613168724279795,0.33683911313246173,0.05046343975283214,0.43396620288705423,4,0.22370936902485655,0.7021276595744679,0.9240714919508184,0.11470944309927356,22.8
0.0033083508638704355,0.0,0.4782936957342393,0,0.10699588477366251,0.47441728254690174,0.49536560247167866,0.5042220297055539,4,0.1931166347992352,0.36170212765957444,0.9486626948916221,0.17130750605326872,27.1
0.26735662765976753,0.0,0.6360890902227256,0,0.7921810699588477,0.38971006253553164,0.9083419155509783,0.12169256943647125,24,0.9139579349904399,0.8085106382978724,0.4137406515401194,0.37711864406779655,19.9
0.006865874989007063,0.5,0.19479048697621745,1,0.12757201646090532,0.6785105173393975,0.474768280123584,0.38176751176845125,4,0.12619502868068833,0.5319148936170215,0.9030295347952846,0.13075060532687646,33.2
0.011523390878164745,0.0,0.21366553416383544,0,0.12962962962962965,0.22797043774872106,0.31822863027806386,0.4144582337407495,3,0.08604206500956024,0.5638297872340423,1.0,0.2566585956416465,19.3
0.009270362062009945,0.0,0.10570026425066062,0,0.257201646090535,0.19670267197271185,0.8815653964984552,0.1530681474213784,5,0.20650095602294455,0.4255319148936172,1.0,0.39225181598062947,23.1
0.0799448329003628,0.0,0.26009815024537564,0,0.31481481481481477,0.23337123365548607,0.9485066941297631,0.27739100483263224,4,0.2275334608030593,0.8936170212765959,0.5166687793129672,0.5030266343825665,13.1
0.04334846985282725,0.0,0.26009815024537564,0,0.31481481481481477,0.27117680500284247,0.5520082389289392,0.35164445186677384,4,0.2275334608030593,0.8936170212765959,0.9837748764101919,0.20399515738498789,19.9
0.015045318823120489,0.25,0.2155530388825972,1,0.1625514403292181,0.7990335417851051,0.5036045314109165,0.33785631530055216,3,0.06692160611854686,0.6382978723404256,0.9222968690581821,0.1467917675544794,35.2
0.014038854277613913,0.0,1.0,0,0.4609053497942387,0.06054576463899952,0.9794026776519054,0.0723329193065225,4,1.0,0.7978723404255321,0.0053238686779062405,0.8459443099273606,8.1
0.008584961102448599,0.0,0.4782936957342393,0,0.10699588477366251,0.511085844229676,0.29042224510813597,0.5042220297055539,4,0.1931166347992352,0.36170212765957444,1.0,0.13740920096852297,28.6
0.0006065309917095799,1.0,0.02869007172517931,0,0.10288065843621397,0.4988629903354178,0.2760041194644696,0.7530138716377717,4,0.17590822179732318,0.46808510638297873,0.9244517682849542,0.12893462469733655,24.5
0.054293248311973304,0.0,0.26009815024537564,0,0.31481481481481477,0.3155201819215465,0.811534500514933,0.3265210266473223,4,0.2275334608030593,0.8936170212765959,0.8713398402839401,0.39164648910411615,17.5
0.3082182506501538,0.0,0.6360890902227256,0,0.40946502057613154,0.31921546333143835,0.9433573635427395,0.1472439383343597,24,0.9139579349904399,0.8085106382978724,0.16833565724426425,0.592917675544794,19.1
0.004194765546806186,0.0,0.10570026425066062,0,0.257201646090535,0.5628197839681639,0.7363542739443872,0.18638512843529179,5,0.20650095602294455,0.4255319148936172,0.9286348079604512,0.15708232445520576,29.9
0.1275494891599162,0.0,0.6919592298980747,1,0.4526748971193414,0.8305855599772596,0.9814624098867148,0.09509743546922461,5,0.4110898661567877,0.22340425531914887,0.9075928508049191,0.005750605326876511,50.0
0.015062069966735023,0.0,0.3306908267270668,0,0.33333333333333337,0.3445139283683911,0.9526261585993822,0.14804763743776553,6,0.4665391969407266,0.5531914893617023,1.0,0.4648910411622275,18.7
0.008076843079474406,0.0,0.06191015477538694,0,0.12345679012345678,0.49602046617396245,0.5653964984552008,0.24691306480737316,2,0.1682600382409178,0.574468085106383,0.5066548358473826,0.148910411622276,28.4
0.007588268057383835,0.0,0.06191015477538694,0,0.12345679012345678,0.36469584991472437,0.6869207003089598,0.24691306480737316,2,0.1682600382409178,0.574468085106383,0.9357332995309928,0.29085956416464886,21.4
0.0027304364091690183,0.0,0.07512268780671952,0,0.154320987654321,0.35929505400795914,0.3017507723995881,0.4951621489035247,4,0.46271510516252395,0.457446808510638,0.6408923817974399,0.2227602905569007,19.8
0.007284653579370409,0.0,0.4771611929029823,1,0.33950617283950624,0.30443433769187034,0.9361483007209063,0.18367133925496051,5,0.1682600382409178,0.404255319148936,1.0,0.4900121065375302,21.5
0.0005632572040387007,0.75,0.06342015855039637,0,0.03292181069958855,0.49005116543490623,0.16374871266735327,0.5312764203033181,1,0.14722753346080303,0.31914893617021267,0.7439472683483332,0.0802058111380145,29.1
0.2562855176591952,0.0,0.6360890902227256,0,0.7921810699588477,0.13700966458214903,0.96086508753862,0.10166271775548763,24,0.9139579349904399,0.8085106382978724,0.7957916085688943,0.2560532687651331,20.8
0.042462753134208775,0.0,0.1868629671574179,0,0.2510288065843621,0.4940306992609438,0.8022657054582903,0.22362666610999196,8,0.2275334608030593,0.5106382978723403,1.0,0.17766343825665853,30.1
0.01624860930609784,0.0,0.3186107965269913,0,0.41152263374485576,0.3237635019897671,0.6426364572605561,0.13354974062438027,6,0.38814531548757175,0.7021276595744679,1.0,0.3386803874092009,21.2
0.005606049396330662,0.5625,0.08267270668176671,0,0.10699588477366251,0.6532120523024447,0.24098867147270858,0.5584351874080182,5,0.4015296367112811,0.2765957446808509,0.9187476232729122,0.034503631961259086,36.4
0.001565533963641643,0.35000000000000003,0.5205738014345036,0,0.1625514403292181,0.3783399658897102,0.26776519052523173,0.26473013454131744,4,0.15678776290630975,0.5957446808510638,0.9927747496514137,0.13559322033898302,25.0
0.008494225741203208,0.0,0.27595318988297474,0,0.2777777777777778,0.4530983513359865,0.9701338825952626,0.1360339014894528,5,0.3747609942638623,0.8829787234042552,0.9789580428444671,0.3190072639225181,19.8
0.002741603838245374,0.0,0.4771611929029823,1,0.33950617283950624,0.28652643547470147,0.5468589083419155,0.20692642500026096,5,0.1682600382409178,0.404255319148936,0.9480289010013951,0.35653753026634377,23.3
0.007533128876319327,0.0,0.4771611929029823,1,0.33950617283950624,0.4243888573052872,0.92173017507724,0.2331458035425387,5,0.1682600382409178,0.404255319148936,0.9599442261376607,0.26543583535108956,23.0
0.022623117415745242,0.0,0.1868629671574179,0,0.2510288065843621,0.34280841387151795,0.6035015447991761,0.26326886344421596,8,0.2275334608030593,0.5106382978723403,0.7445810622385602,0.2769370460048426,24.0
0.0038367098520455246,0.25,0.07852019630049076,1,0.1191358024691358,0.7859579306424103,0.4819773429454171,0.4260962142640934,5,0.0535372848948375,0.24468085106382986,0.7486373431360125,0.038740920096852295,46.0
0.691698691596091,0.0,0.6360890902227256,0,0.6337448559670781,0.27629334849346243,0.7713697219361483,0.038702808771801656,24,0.9139579349904399,0.8085106382978724,0.25541893776144065,0.8547215496368036,6.3
0.8076549934461151,0.0,0.6360890902227256,0,0.648148148148148,0.044343376918703825,0.9691040164778579,0.06684271504169842,24,0.9139579349904399,0.8085106382978724,1.0,0.7248789346246971,9.7
0.04074227109213269,0.0,0.7791619479048698,0,0.4917695473251028,0.4241046048891417,0.9783728115345005,0.12502218000772386,4,0.4760994263862333,0.9148936170212765,0.8587907212574475,0.28420096852300236,23.0
0.005412713280446251,0.0,0.43714609286523215,0,0.10699588477366251,0.2825469016486639,0.34706488156539655,0.3520619578945171,5,0.4015296367112811,0.6489361702127658,0.9893522626441884,0.22306295399515733,20.3
0.001731649471152437,0.0,0.11853529633824084,0,0.11728395061728392,0.32234223990903943,0.4696189495365603,0.7185278737461772,3,0.31357552581261955,0.6595744680851063,0.8572696159209023,0.2663438256658595,17.5
0.012051749866339835,0.0,0.3186107965269913,0,0.41152263374485576,0.2245594087549745,0.266735324407827,0.1742043900758817,6,0.38814531548757175,0.7021276595744679,0.9542400811256186,0.4803268765133171,23.1
0.5765834367483798,0.0,0.6360890902227256,1,0.5823045267489712,0.28283115406480963,0.8928939237899073,0.0,24,0.9139579349904399,0.8085106382978724,0.37862847002154876,0.21640435835351088,50.0
0.09824057154902013,0.0,0.6919592298980747,1,0.9999999999999999,0.35503126776577587,0.9588053553038105,0.06469255899882057,5,0.4110898661567877,0.22340425531914887,0.03815439219165917,0.4052663438256658,17.0
0.00417731643887438,0.0,0.07512268780671952,0,0.154320987654321,0.28084138715179097,0.23583934088568487,0.4263780308328201,4,0.46271510516252395,0.457446808510638,0.8167068069463816,0.24939467312348665,19.3
0.02578698966594032,0.0,0.35258588146470365,1,0.21399176954732513,0.14894826606026146,0.8825952626158599,0.26463619568507524,4,0.1701720841300191,0.6382978723404256,0.9789580428444671,0.6734261501210652,19.3
0.006645318264749033,0.0,0.43714609286523215,0,0.10699588477366251,0.39766913018760675,0.737384140061792,0.3050507791706243,5,0.4015296367112811,0.6489361702127658,0.7054125998225382,0.30992736077481836,20.0
0.016994035196944594,0.0,0.7791619479048698,0,0.4917695473251028,0.2777146105741899,0.9814624098867148,0.05625893723840639,4,0.4760994263862333,0.9148936170212765,0.9383952338699464,0.592917675544794,13.3
0.012705742431623927,0.0,0.21366553416383544,0,0.12962962962962965,0.25753268902785664,0.31307929969104015,0.4144582337407495,3,0.08604206500956024,0.5638297872340423,1.0,0.3759079903147699,20.0
0.0005081180229741935,0.9375,0.10381275953189883,0,0.05144032921810693,0.28652643547470147,0.4603501544799177,0.6461010155834125,3,0.537284894837476,0.9042553191489362,1.0,0.3955811138014527,18.9
0.011517807163626569,0.0,0.3306908267270668,0,0.33333333333333337,0.29789653212052314,0.878475798146241,0.1391860719989145,6,0.4665391969407266,0.5531914893617023,0.3409811129420719,0.4246368038740919,18.3
0.016381920490696835,0.0,0.2314080785201963,0,0.2222222222222222,0.34195565662308147,0.4201853759011329,0.4473890216790004,5,0.18929254302103254,0.7446808510638299,1.0,0.33474576271186435,22.2
0.10558106227377233,0.0,0.6919592298980747,1,0.4526748971193414,0.9934621944286526,0.9371781668383111,0.10775830576053941,5,0.4110898661567877,0.22340425531914887,0.8928888325516544,0.0481234866828087,50.0
0.0023584214280629122,1.0,0.010192525481313705,0,0.039094650205761305,0.6841955656623082,0.3213182286302781,0.6449841869591992,2,0.2695984703632887,0.0,1.0,0.07112590799031476,33.3
0.0037997177432300953,0.0,0.4031710079275198,0,0.3868312757201645,0.595793064241046,0.9073120494335736,0.10833237654868644,1,0.16252390057361382,0.8936170212765959,1.0,0.11834140435835347,23.9
0.01103272196312236,0.275,0.17402793506983769,0,0.09465020576131689,0.44144400227401936,0.47579814624098876,0.6989990292984856,7,0.27151051625239003,0.6914893617021276,0.7187222715173025,0.23577481840193695,24.5
0.0014636311733198953,0.0,0.2197055492638732,0,0.17283950617283939,0.6552018192154632,0.5993820803295572,0.40054484536620505,2,0.1032504780114723,0.5531914893617023,0.948409177335531,0.06961259079903148,34.7
0.05351083031231112,0.0,0.26009815024537564,0,0.31481481481481477,0.45906765207504274,0.9423274974253347,0.34706232321229136,4,0.2275334608030593,0.8936170212765959,0.8864241348713398,0.33504842615012104,18.4
0.0072078775044704625,0.0,0.4031710079275198,0,0.3868312757201645,0.5440591245025583,0.8898043254376931,0.13144133518427673,1,0.16252390057361382,0.8936170212765959,0.9562682215743443,0.1437651331719128,22.0
0.011427071802381176,0.15625,0.24990562476406192,0,0.28600823045267487,0.31949971574758385,0.8547888774459321,0.5701566691369107,5,0.2351816443594646,0.2765957446808509,0.8708328051717578,0.4651937046004842,18.9
0.012950029942669214,0.0,0.2314080785201963,0,0.2222222222222222,0.4408754974417284,0.121524201853759,0.4473890216790004,5,0.18929254302103254,0.7446808510638299,0.9591836734693882,0.1013922518159806,24.6
0.28142549440302417,0.0,0.6360890902227256,0,0.30246913580246926,0.38345650938032994,0.9042224510813595,0.2055904057114825,24,0.9139579349904399,0.8085106382978724,0.9800988718468755,0.3371670702179176,19.6
0.007992389397084465,0.0,0.06191015477538694,0,0.12345679012345678,0.9064809550881188,0.752832131822863,0.24691306480737316,2,0.1682600382409178,0.574468085106383,1.0,0.07506053268765131,38.7
0.0060164524148867415,0.375,0.13892034730086825,0,0.08847736625514402,0.4906196702671972,0.40473738414006183,0.5281764380473243,6,0.21414913957934995,0.4255319148936172,0.8336924832044614,0.1707021791767554,23.3
0.005357574099381744,0.0,0.04567761419403548,0,0.2119341563786007,0.20579874928936914,0.8949536560247168,0.1939628628388322,3,0.009560229445506718,0.5531914893617023,0.9252123209532259,0.37076271186440674,26.4
0.013379975962108916,0.0,0.35258588146470365,0,0.21399176954732513,0.3700966458214896,0.40679711637487126,0.29390336822987884,4,0.1701720841300191,0.6382978723404256,0.9585498795791612,0.23426150121065373,25.0
0.001950810266775922,0.0,0.1487353718384296,0,0.2674897119341565,0.28112563956793624,0.446961894953656,0.42810024319726114,5,0.06883365200764818,0.8085106382978724,1.0,0.24424939467312343,19.5
0.1622536709433267,0.0,0.6919592298980747,0,0.9999999999999999,0.08698123934053448,0.9361483007209063,0.04175060277432757,5,0.4110898661567877,0.22340425531914887,0.49410571682089,0.804782082324455,17.8
0.008164088619133437,0.0,0.3306908267270668,0,0.33333333333333337,0.2936327458783401,0.9268795056642637,0.1277359691880552,6,0.4665391969407266,0.5531914893617023,0.9752820382811516,0.4382566585956416,18.8
0.654991352222109,0.0,0.6360890902227256,0,0.7304526748971193,0.21233655486071634,0.9371781668383111,0.07176928616906908,24,0.9139579349904399,0.8085106382978724,1.0,0.6401331719128327,12.8
0.3395659220318021,0.0,0.6360890902227256,0,0.47119341563786,0.4559408754974419,0.9340885684860968,0.12271545920444227,24,0.9139579349904399,0.8085106382978724,0.9912536443148685,0.5130145278450362,16.7
0.002303282246998405,0.0,0.08154020385050964,0,0.21399176954732513,0.4334849346219445,0.7312049433573636,0.20483889486154458,2,0.15678776290630975,0.5531914893617023,0.9575358093547983,0.19582324455205805,22.0
0.009491616750585245,0.0,0.3306908267270668,0,0.33333333333333337,0.3905628197839681,0.8372811534500515,0.11762188566597431,6,0.4665391969407266,0.5531914893617023,0.8965648371149708,0.2639225181598062,18.5
0.005719119615728766,0.0,0.36089090222725556,0,0.057613168724279795,0.43689596361569083,0.03810504634397528,0.43396620288705423,4,0.22370936902485655,0.7021276595744679,0.8330586893142353,0.1510290556900726,24.2
0.008742701038152128,0.0,0.3306908267270668,0,0.33333333333333337,0.3683911313246164,0.7167868177136972,0.16705459935077818,6,0.4665391969407266,0.5531914893617023,0.9543668399036642,0.31204600484261497,21.2
0.3548345894364497,0.0,0.6360890902227256,0,0.6748971193415637,0.40278567367822626,0.9155509783728115,0.12928074149070526,24,0.9139579349904399,0.8085106382978724,0.8502978831284063,0.47033898305084737,16.1
0.004559800884739569,0.0,0.9211023027557568,0,0.4032921810699587,0.31949971574758385,0.8362512873326466,0.11145323410606742,2,0.0,0.6914893617021276,0.7562428698187356,0.3795399515738498,20.3
0.0034981971581684863,0.5,0.19479048697621745,1,0.12757201646090532,0.5338260375213191,0.30895983522142123,0.30770194244679416,4,0.12619502868068833,0.5319148936170215,1.0,0.05447941888619854,32.4
0.010088376241853013,0.0,1.0,0,0.4609053497942387,0.16316088686753827,0.9248197734294542,0.07215547924473159,4,1.0,0.7978723404255321,0.9770566611737861,0.4942493946731234,15.2
0.00344026611983489,0.875,0.03737259343148359,0,0.030864197530864224,0.6142694712905061,0.07312049433573636,0.699134718757502,5,0.3250478011472276,0.23404255319148937,0.6790467739890991,0.09110169491525422,29.0
0.0035931203053175113,0.0,0.04567761419403548,0,0.2119341563786007,0.5969300739056285,0.5715756951596292,0.17737743588673063,3,0.009560229445506718,0.5531914893617023,1.0,0.10018159806295396,37.2
0.002815588055876232,1.0,0.010192525481313705,0,0.039094650205761305,0.6330301307561117,0.34706488156539655,0.6449841869591992,2,0.2695984703632887,0.0,0.46013436430472865,0.20823244552058104,30.3
0.008815289327148439,0.0,0.27595318988297474,0,0.2777777777777778,0.2760090960773167,0.9660144181256437,0.1020071602283758,5,0.3747609942638623,0.8829787234042552,0.9638737482570674,0.44612590799031465,19.5
0.08692936182330614,0.0,0.26009815024537564,0,0.31481481481481477,0.19613416714042087,0.98043254376931,0.2785078334568455,4,0.2275334608030593,0.8936170212765959,0.7422994042337434,0.5838377723970942,13.6
0.0352827942024292,0.0,0.1868629671574179,0,0.2510288065843621,0.7043774872086412,0.7075180226570545,0.3150500485350757,8,0.2275334608030593,0.5106382978723403,0.9134237545950059,0.09079903147699755,31.5
0.014717973558319806,0.0,0.35258588146470365,1,0.21399176954732513,0.2635019897669131,0.5242018537590113,0.2633419269990711,4,0.1701720841300191,0.6382978723404256,0.9244517682849542,0.43280871670702176,22.4
0.006544113438744558,0.0,0.04567761419403548,0,0.2119341563786007,0.47839681637293907,0.9546858908341915,0.17925621301157538,3,0.009560229445506718,0.5531914893617023,1.0,0.11955205811138012,32.5
0.005912455731613178,0.0,0.04567761419403548,0,0.2119341563786007,0.6466742467310975,0.9196704428424305,0.1639754923961715,3,0.009560229445506718,0.5531914893617023,0.9647610597033847,0.09352300242130748,37.9
0.6852034356595554,0.0,0.6360890902227256,0,0.588477366255144,0.5440591245025583,0.9876416065911431,0.023839594184141055,24,0.9139579349904399,0.8085106382978724,1.0,0.5904963680387407,13.3
0.006998488209288789,1.0,0.024915062287655713,0,0.057613168724279795,0.3001705514496873,0.17095777548918642,0.986994687235797,4,0.27915869980879543,1.0,0.7355811889973385,0.11622276029055689,20.6
0.0030898880325642237,0.0,0.12231030577576446,0,0.13168724279835387,0.4289368959636157,0.4644696189495366,0.3809533750143518,3,0.11281070745697896,0.6276595744680851,1.0,0.23880145278450357,23.9
0.006767462020271676,0.3125,0.14647036617591544,0,0.13991769547325106,0.2976122797043774,0.4562306900102987,0.6056342438443956,8,0.18355640535372847,0.7553191489361701,1.0,0.22669491525423727,19.6
0.01033894543175375,0.3125,0.14647036617591544,0,0.13991769547325106,0.3595793064241046,0.27085478887744596,0.6977778241673364,8,0.18355640535372847,0.7553191489361701,0.9211560400557746,0.15526634382566584,23.3
0.015219809902438548,0.0,0.3186107965269913,0,0.41152263374485576,0.32603752131893127,0.7909371781668383,0.14284968739236178,6,0.38814531548757175,0.7021276595744679,1.0,0.38135593220338976,16.8
0.5467154497193486,0.0,0.6360890902227256,0,0.5555555555555557,0.377771461057419,0.6436663233779609,0.1914056384189047,24,0.9139579349904399,0.8085106382978724,1.0,0.3477602905569007,21.4
0.020740009687744726,0.0,0.2314080785201963,0,0.2222222222222222,0.40704945992040953,0.26776519052523173,0.4473890216790004,5,0.18929254302103254,0.7446808510638299,1.0,0.13377723970944308,23.0
0.0021888160989657567,1.0,0.010192525481313705,0,0.039094650205761305,0.6805002842524164,0.364572605561277,0.6449841869591992,2,0.2695984703632887,0.0,0.9404233743186721,0.14800242130750602,34.6
0.009980889736993088,0.3125,0.14647036617591544,0,0.13991769547325106,0.2447413303013075,0.6519052523171988,0.6362583109793647,8,0.18355640535372847,0.7553191489361701,0.9773101787298772,0.34564164648910406,18.7
0.004210120761786175,0.0,0.10570026425066062,0,0.257201646090535,0.47356452529846527,0.3110195674562307,0.2090348304403645,5,0.20650095602294455,0.4255319148936172,0.9247052858410445,0.10895883777239707,29.4
0.008714084501143965,0.0,0.27595318988297474,0,0.2777777777777778,0.3544627629334849,0.8475798146240989,0.103624996085881,5,0.3747609942638623,0.8829787234042552,0.8832551654202057,0.37409200968523,20.4
0.023945759796976142,0.0,0.3265383163457909,0,0.3271604938271605,0.3104036384309268,0.7600411946446962,0.20592441053367708,4,0.22179732313575523,0.6170212765957446,0.9916339206490052,0.24939467312348665,20.3
0.004366464768855157,0.0,0.04567761419403548,0,0.2119341563786007,0.35929505400795914,0.6107106076210093,0.1532560251338629,3,0.009560229445506718,0.5531914893617023,1.0,0.23365617433414035,36.2
0.02336575144932291,0.0,0.2314080785201963,0,0.2222222222222222,0.43632745878339985,0.38311019567456234,0.3748682246599935,5,0.18929254302103254,0.7446808510638299,1.0,0.1328692493946731,25.0
0.6439404831867377,0.0,0.6360890902227256,0,0.5061728395061728,0.3797612279704379,1.0,0.0041228720239648575,24,0.9139579349904399,0.8085106382978724,0.6102167575104573,0.23607748184019364,50.0
0.012913037833853783,0.275,0.17402793506983769,0,0.09465020576131689,0.20608300170551463,0.6930998970133883,0.7124009727890447,7,0.27151051625239003,0.6914893617021276,0.9015084294587403,0.5063559322033897,18.5
0.4897106100347726,0.0,0.6360890902227256,0,0.685185185185185,0.32006822057987505,0.9515962924819773,0.0777604976671851,24,0.9139579349904399,0.8085106382978724,0.024971479274940478,0.42282082324455195,14.2
0.002641794940875443,0.875,0.03737259343148359,0,0.030864197530864224,0.5659465605457648,0.45829042224510813,0.699134718757502,5,0.3250478011472276,0.23404255319148937,0.9234376980605914,0.1313559322033898,24.8
0.0020603906645876636,1.0,0.08003020007550019,0,0.026748971193415683,0.4007959067652076,0.1534500514933059,0.5721815733714656,4,0.2848948374760994,0.37234042553191493,1.0,0.08898305084745761,23.5
0.0372566372916751,0.25,0.10268025670064176,0,0.5390946502057613,0.6603183627060834,0.8125643666323378,0.10254991806444205,5,0.1453154875717017,0.042553191489361764,0.9480289010013951,0.2378934624697336,33.8
0.01782391477018129,0.0,0.3265383163457909,0,0.3271604938271605,0.3249005116543491,0.9011328527291452,0.17789931842140974,4,0.22179732313575523,0.6170212765957446,0.9923944733172778,0.3023607748184019,19.4
0.023277807945346608,0.275,0.17402793506983769,0,0.09465020576131689,0.34906196702671966,0.329557157569516,0.722901249386788,7,0.27151051625239003,0.6914893617021276,0.9148181011535055,0.2248789346246973,24.3
0.0023235232121993,0.0,0.1487353718384296,0,0.2674897119341565,0.32888004548038663,0.32543769309989706,0.5068210047282558,5,0.06883365200764818,0.8085106382978724,1.0,0.19007263922518156,21.1
0.005055355550002862,0.5625,0.08267270668176671,0,0.10699588477366251,0.540648095508812,0.3934088568486097,0.2775371319423424,5,0.4015296367112811,0.2765957446808509,0.9615920902522506,0.14981840193704596,32.0
0.0070920154278032695,0.0,0.27595318988297474,0,0.2777777777777778,0.37379192723138166,0.5303810504634398,0.1720333587316167,5,0.3747609942638623,0.8829787234042552,0.9567752566865257,0.34110169491525416,21.7
0.0884418504988351,0.0,0.6919592298980747,1,0.4526748971193414,0.38942581011938615,0.9237899073120494,0.06980700783867569,5,0.4110898661567877,0.22340425531914887,0.2650526048928894,0.11410411622276026,27.0
0.0074661243018611925,0.375,0.13892034730086825,0,0.08847736625514402,0.5733371233655487,0.529351184346035,0.543436283361341,6,0.21414913957934995,0.4255319148936172,0.9283812904043609,0.2920702179176755,22.0
0.0059648030554085955,0.0,0.10570026425066062,0,0.257201646090535,0.43661171119954534,0.8362512873326466,0.15830784806955653,5,0.20650095602294455,0.4255319148936172,0.9822537710736468,0.22124697336561736,23.6
0.013196411346666315,0.0,0.36089090222725556,0,0.057613168724279795,0.38800454803865847,0.03398558187435634,0.43396620288705423,4,0.22370936902485655,0.7021276595744679,0.7499049309164665,0.1758474576271186,23.4
0.017959319847732105,0.0,0.27595318988297474,0,0.2777777777777778,0.38345650938032994,0.9093717816683832,0.14774494556765164,5,0.3747609942638623,0.8829787234042552,0.9281277728482706,0.41828087167070216,19.4
0.010054873954623946,0.0,0.9211023027557568,0,0.4032921810699587,0.2774303581580444,0.9691040164778579,0.08504597785130522,2,0.0,0.6914893617021276,0.6629484091773357,0.7167070217917674,17.3
0.00904212773026192,0.0,0.35258588146470365,1,0.21399176954732513,0.33655486071631624,0.5787847579814624,0.3245691859676224,4,0.1701720841300191,0.6382978723404256,0.8025098238052983,0.3913438256658595,24.4
0.004614940065804076,0.75,0.016610041525103807,0,0.053497942386831254,0.2853894258101195,0.16065911431513905,1.0000000000000002,4,0.4263862332695985,0.6063829787234043,0.9420712384332619,0.18341404358353505,18.6
0.6922780019794268,0.0,0.6360890902227256,0,0.7304526748971193,0.38971006253553164,0.9649845520082388,0.1115158600102289,24,0.9139579349904399,0.8085106382978724,0.8937761439979717,0.44521791767554475,12.6
0.009662618008316944,0.0,0.3306908267270668,0,0.33333333333333337,0.24189880613985215,0.6416065911431514,0.17009195570261046,6,0.4665391969407266,0.5531914893617023,0.931550259855495,0.35956416464891033,19.3
0.09328432693206994,0.0,0.6919592298980747,0,0.4526748971193414,0.3371233655486072,1.0,0.06551713340361354,5,0.4110898661567877,0.22340425531914887,0.4548104956268224,0.1422518159806295,24.3
0.009934824092053119,0.0,0.27595318988297474,0,0.2777777777777778,0.5250142126208075,0.7929969104016479,0.1720333587316167,5,0.3747609942638623,0.8829787234042552,0.9728736214982892,0.2327481840193704,27.5
0.4384437350024918,0.0,0.6360890902227256,0,0.7304526748971193,0.4152927799886301,0.9629248197734295,0.09836442013631574,24,0.9139579349904399,0.8085106382978724,0.0,0.48607748184019356,14.9
0.005063033157492856,1.0,0.139675349188373,0,0.053497942386831254,0.6446844798180786,0.2554067971163749,0.4161595708038035,4,0.10898661567877632,0.7021276595744679,1.0,0.05538740920096851,37.3
0.003259493361661379,0.0,0.08154020385050964,0,0.21399176954732513,0.6250710631040366,0.619979402677652,0.23848988069765256,2,0.15678776290630975,0.5531914893617023,0.9893522626441884,0.12015738498789344,28.7
0.002112737988383082,0.3125,0.13627784069460175,0,0.08436213991769548,0.40420693575895394,0.3017507723995881,0.44580249877357603,4,0.1778202676864245,0.6808510638297873,1.0,0.1510290556900726,24.8
0.005885933087556832,0.25,0.2155530388825972,1,0.1625514403292181,0.29562251279135876,0.6035015447991761,0.2909912636863695,3,0.06692160611854686,0.6382978723404256,0.9295221194067693,0.360774818401937,20.7
0.009302468420604467,0.0,0.27595318988297474,0,0.2777777777777778,0.36583285957930634,0.8970133882595263,0.13479182105691648,5,0.3747609942638623,0.8829787234042552,0.9466345544428956,0.3208232445520581,20.1
0.7748646298206652,0.0,0.6360890902227256,0,0.5823045267489712,0.007390562819783897,1.0,0.004655192209337522,24,0.9139579349904399,0.8085106382978724,1.0,0.9999999999999999,13.8
0.0050700128006655795,0.0,0.43714609286523215,0,0.10699588477366251,0.39596361569073335,0.031925849639546866,0.325853017002933,5,0.4015296367112811,0.6489361702127658,0.9749017619470157,0.15284503631961255,24.1
0.008672904606424902,0.0,0.3306908267270668,0,0.33333333333333337,0.28197839681637293,0.7229660144181256,0.14068909369879032,6,0.4665391969407266,0.5531914893617023,0.261376600329573,0.41283292978208225,20.4
0.4742562841217306,0.0,0.6360890902227256,0,0.6748971193415637,0.3413871517907905,0.839340885684861,0.16573945536338683,24,0.9139579349904399,0.8085106382978724,1.0,0.3925544794188861,20.0
0.32389522718040564,0.0,0.6360890902227256,0,0.47119341563786,0.5969300739056285,0.666323377960865,0.14647155218303468,24,0.9139579349904399,0.8085106382978724,0.7183419951831667,0.30054479418886193,29.8
0.11323214711971066,0.0,0.7791619479048698,0,0.4917695473251028,0.0395110858442298,1.0,0.03233584184871671,4,0.4760994263862333,0.9148936170212765,1.0,0.98910411622276,14.4
0.5685212509195681,0.0,0.6360890902227256,0,0.648148148148148,0.1449687322342239,0.9886714727085479,0.06246933940108762,24,0.9139579349904399,0.8085106382978724,1.0,0.5786924939467312,11.5
0.014898048352176044,0.0,0.21366553416383544,0,0.12962962962962965,0.20523024445707794,0.6086508753861998,0.5175091590384836,3,0.08604206500956024,0.5638297872340423,1.0,0.43795399515738487,19.4
0.005127245874681903,0.5,0.19479048697621745,0,0.12757201646090532,0.4553723706651507,0.30072090628218334,0.31424634943166996,4,0.12619502868068833,0.5319148936170215,1.0,0.16525423728813557,29.1
0.001978030875149539,0.4375,0.18157795394488485,0,0.10884773662551439,0.32717453098351323,0.21009268795056646,0.5752293673739914,1,0.22179732313575523,0.457446808510638,0.5607808340727596,0.1846246973365617,19.4
0.3793310430797536,0.0,0.6360890902227256,0,0.6748971193415637,0.5045480386583288,0.9814624098867148,0.12792384690053962,24,0.9139579349904399,0.8085106382978724,0.47255672455317566,0.48426150121065364,15.2
0.045390713445165834,0.25,0.10268025670064176,0,0.5390946502057613,0.5577032404775439,1.0,0.09196614026115002,5,0.1453154875717017,0.042553191489361764,0.9370008873114468,0.15647699757869246,30.1
0.023293861124643864,0.0,0.7791619479048698,0,0.4917695473251028,0.448550312677658,0.9886714727085479,0.10321792770883131,4,0.4760994263862333,0.9148936170212765,0.97642286728356,0.32899515738498786,19.2
0.006965683886376994,0.375,0.13892034730086825,0,0.08847736625514402,0.3453666856168278,0.6405767250257466,0.543436283361341,6,0.21414913957934995,0.4255319148936172,0.9710989986056537,0.3229418886198547,20.1
0.025309582072926107,0.275,0.17402793506983769,0,0.09465020576131689,0.9604889141557706,0.05664263645726057,0.8117465320905571,7,0.27151051625239003,0.6914893617021276,1.0,0.0547820823244552,42.8
0.48549211370117923,0.0,0.6360890902227256,0,0.648148148148148,0.23678226264923263,0.9691040164778579,0.08317763837715408,24,0.9139579349904399,0.8085106382978724,0.9686905818227913,0.4654963680387408,15.1
0.0030647613171424226,0.4375,0.18157795394488485,0,0.10884773662551439,0.23479249573621397,0.262615859938208,0.5752293673739914,1,0.22179732313575523,0.457446808510638,0.9634934719229307,0.32384987893462464,17.1
